{
  "config": {
    "n_layers": 2,
    "n_neurons": 28,
    "dropout": 0.306702606839036,
    "lr": 0.0010489039796221188,
    "batch_size": 256,
    "epochs": 100
  },
  "metrics": {
    "auc": [
      0.8573443196374027,
      0.8730539954675338,
      0.8818849147699279,
      0.8097041580451276,
      0.8572581042467239,
      0.8677579071829736,
      0.8651160212828849,
      0.851740826127535,
      0.8702152777348555,
      0.8638304973700639
    ],
    "f1": [
      0.728715284666745,
      0.7476719100707971,
      0.7424078977477035,
      0.6846574337611435,
      0.7246082915304533,
      0.7181364943420427,
      0.7245322245322245,
      0.7126977162080277,
      0.7608828048314884,
      0.7518692516376629
    ],
    "accuracy": [
      0.799,
      0.809,
      0.803,
      0.767,
      0.791,
      0.782,
      0.788,
      0.78,
      0.819,
      0.82
    ],
    "precision": [
      0.7112387663648225,
      0.7277275073274903,
      0.7229709864242413,
      0.6714145503619188,
      0.707052718480953,
      0.7015625000000001,
      0.7071211784736102,
      0.6963926131581027,
      0.7393564730792499,
      0.7332355860553934
    ],
    "recall": [
      0.7661961769632476,
      0.7961744999507341,
      0.7942284954182678,
      0.7151073997438171,
      0.7702852497783033,
      0.7701005025125628,
      0.7756921864223076,
      0.7610188453004185,
      0.8130211198397933,
      0.7861129481862403
    ],
    "convergence_trace": [
      0.8523513363294428,
      0.854452472153687,
      0.854452472153687,
      0.854452472153687,
      0.854452472153687,
      0.854452472153687,
      0.854452472153687,
      0.854452472153687,
      0.854452472153687,
      0.854452472153687,
      0.854452472153687,
      0.854452472153687,
      0.854452472153687,
      0.8545364249658872,
      0.8545364249658872,
      0.8565970639726913,
      0.8565970639726913,
      0.8565970639726913,
      0.8565970639726913,
      0.8565970639726913,
      0.8565970639726913,
      0.8565970639726913,
      0.8565970639726913,
      0.8565970639726913,
      0.8565970639726913,
      0.8565970639726913,
      0.8565970639726913,
      0.8571307848369567,
      0.8587074103251077,
      0.8587074103251077,
      0.8587074103251077,
      0.8587074103251077,
      0.8587074103251077,
      0.8587074103251077,
      0.8587074103251077,
      0.8587074103251077,
      0.8587074103251077,
      0.8587074103251077,
      0.8587074103251077,
      0.8587074103251077,
      0.8587074103251077,
      0.8587074103251077,
      0.8587074103251077,
      0.8587074103251077,
      0.8587074103251077,
      0.8587074103251077,
      0.8587074103251077,
      0.8587074103251077,
      0.8587074103251077,
      0.8587074103251077,
      0.8587074103251077,
      0.8587074103251077,
      0.8587074103251077,
      0.8587074103251077,
      0.8587074103251077,
      0.8587074103251077,
      0.8587074103251077,
      0.8587074103251077,
      0.8587074103251077,
      0.8587074103251077,
      0.8587074103251077,
      0.8587074103251077,
      0.8587074103251077,
      0.8587074103251077,
      0.8587074103251077,
      0.8587074103251077,
      0.8587074103251077,
      0.8587074103251077,
      0.8587074103251077,
      0.8587074103251077,
      0.8587074103251077,
      0.8587074103251077,
      0.8587074103251077,
      0.8587074103251077,
      0.8587074103251077,
      0.8587074103251077,
      0.8587074103251077,
      0.8587074103251077,
      0.8587074103251077,
      0.8587074103251077,
      0.8587074103251077,
      0.8587074103251077,
      0.8587074103251077,
      0.8587074103251077,
      0.8587074103251077,
      0.8587074103251077,
      0.8587074103251077,
      0.8587074103251077,
      0.8587074103251077,
      0.8587074103251077,
      0.8587074103251077,
      0.8587074103251077,
      0.8587074103251077,
      0.8587074103251077,
      0.8587074103251077,
      0.8587074103251077,
      0.8587074103251077,
      0.8587074103251077,
      0.8587074103251077,
      0.8587074103251077,
      0.8587074103251077,
      0.8591267311700233,
      0.8600544837886674,
      0.8600544837886674,
      0.8600544837886674,
      0.8600544837886674,
      0.8600544837886674,
      0.8600544837886674,
      0.8600544837886674,
      0.8600544837886674,
      0.8600544837886674,
      0.8600544837886674,
      0.8600544837886674,
      0.8600544837886674,
      0.8600544837886674,
      0.8600544837886674,
      0.8600544837886674,
      0.8600544837886674,
      0.8600544837886674,
      0.8600544837886674,
      0.8600544837886674,
      0.8600544837886674,
      0.8600544837886674,
      0.8600544837886674,
      0.8600544837886674,
      0.8600544837886674,
      0.8600544837886674,
      0.8600544837886674,
      0.8600544837886674,
      0.8600544837886674,
      0.8600544837886674,
      0.8600544837886674,
      0.8600544837886674,
      0.8600544837886674,
      0.8600544837886674,
      0.8600544837886674,
      0.8600544837886674,
      0.8600544837886674,
      0.8600544837886674,
      0.8600544837886674,
      0.8600544837886674,
      0.8600544837886674,
      0.8600544837886674,
      0.8600544837886674,
      0.8600544837886674,
      0.8600544837886674,
      0.8600544837886674,
      0.8600544837886674,
      0.8600544837886674,
      0.8600544837886674
    ]
  }
}