{
  "C1": {
    "auc": 0.8534937653729353,
    "aucpr": 0.6789458816131921,
    "f1_05": 0.7223866967340744,
    "f1_opt": 0.7527694636031302,
    "f1_min_opt": 0.6004760490043447,
    "bal_acc_opt": 0.7425400112243915,
    "thr": 0.688,
    "auc_std": 0.02254892515766942
  },
  "C2": {
    "auc": 0.8583168614828149,
    "aucpr": 0.6943922085301788,
    "f1_05": 0.7309681374930229,
    "f1_opt": 0.757810445086592,
    "f1_min_opt": 0.607151979154058,
    "bal_acc_opt": 0.7456250376872653,
    "thr": 0.6859999999999999,
    "auc_std": 0.019852046052020487
  },
  "C3": {
    "auc": 0.857906581491591,
    "aucpr": 0.6911004744454986,
    "f1_05": 0.7269550930529306,
    "f1_opt": 0.7561213763072032,
    "f1_min_opt": 0.6068309434175261,
    "bal_acc_opt": 0.7481609098387462,
    "thr": 0.6809999999999998,
    "auc_std": 0.018888347237555878
  },
  "C4": {
    "auc": 0.8597801309176448,
    "aucpr": 0.694924025285041,
    "f1_05": 0.7291864223045916,
    "f1_opt": 0.7581168353857433,
    "f1_min_opt": 0.6089968283518404,
    "bal_acc_opt": 0.7476975768142828,
    "thr": 0.6759999999999999,
    "auc_std": 0.01861115607771185
  }
}