{
  "config": {
    "n_layers": 3,
    "n_neurons": 36,
    "dropout": 0.3641801104516615,
    "lr": 0.0016505105250140821,
    "batch_size": 128,
    "epochs": 100
  },
  "metrics": {
    "auc": [
      0.8552751502611096,
      0.8751970637501231,
      0.8780791210956744,
      0.8074933490984333,
      0.8569686668637304,
      0.8673699379249188,
      0.8635518277662824,
      0.8505911948130613,
      0.8694303144179837,
      0.8550413805465075
    ],
    "f1": [
      0.7349981031443172,
      0.7327061519789337,
      0.7285641806189751,
      0.6832610704198696,
      0.7275002513347196,
      0.7265344784536911,
      0.7256865809703039,
      0.7141372141372141,
      0.7496168876199315,
      0.7491122433225259
    ],
    "accuracy": [
      0.81,
      0.791,
      0.786,
      0.759,
      0.794,
      0.793,
      0.785,
      0.78,
      0.809,
      0.818
    ],
    "precision": [
      0.7190999670619236,
      0.7149040356225567,
      0.7116860298336202,
      0.670086157056841,
      0.7096624224368584,
      0.7087873062772561,
      0.7088069400602424,
      0.6977936455884458,
      0.7292426367461431,
      0.7307163263146756
    ],
    "recall": [
      0.7621686865701054,
      0.7921593260419746,
      0.790841462213026,
      0.7228421519361513,
      0.772169671888856,
      0.7715415311853384,
      0.7847448024435906,
      0.7646902485305116,
      0.8030761908882447,
      0.7830225414269025
    ],
    "convergence_trace": [
      0.8536710863585297,
      0.8536710863585297,
      0.8536710863585297,
      0.8536710863585297,
      0.8536710863585297,
      0.8536710863585297,
      0.8550249976302691,
      0.8550249976302691,
      0.8566094679094874,
      0.8566094679094874,
      0.8566094679094874,
      0.8566094679094874,
      0.857477029138286,
      0.857477029138286,
      0.857477029138286,
      0.8595294609788111,
      0.8595294609788111,
      0.8595294609788111,
      0.8595294609788111,
      0.8595294609788111,
      0.8595294609788111,
      0.8595294609788111,
      0.8595294609788111,
      0.8595294609788111,
      0.8595294609788111,
      0.8595294609788111,
      0.8595294609788111,
      0.8595294609788111,
      0.8595294609788111,
      0.8595294609788111,
      0.8595294609788111,
      0.8595294609788111,
      0.8595294609788111,
      0.8595294609788111,
      0.8595294609788111,
      0.8595294609788111,
      0.8595294609788111,
      0.8595294609788111,
      0.8595294609788111,
      0.8595294609788111,
      0.8595294609788111,
      0.8595294609788111,
      0.8595294609788111,
      0.8595294609788111,
      0.8595294609788111,
      0.8595294609788111,
      0.8595294609788111,
      0.8595294609788111,
      0.8595294609788111,
      0.8595294609788111,
      0.8595294609788111,
      0.8595294609788111,
      0.8595294609788111,
      0.8595294609788111,
      0.8595294609788111,
      0.8595294609788111,
      0.8595294609788111,
      0.8595294609788111,
      0.8595294609788111,
      0.8595294609788111,
      0.8595294609788111,
      0.8595294609788111,
      0.8595294609788111,
      0.8595294609788111,
      0.8595294609788111,
      0.8595294609788111,
      0.8595294609788111,
      0.8595294609788111,
      0.8595294609788111,
      0.8595294609788111,
      0.8595294609788111,
      0.8595294609788111,
      0.8595294609788111,
      0.8595294609788111,
      0.8595294609788111,
      0.8595294609788111,
      0.8595294609788111,
      0.8595294609788111,
      0.8595294609788111,
      0.8595294609788111,
      0.8595294609788111,
      0.8595294609788111,
      0.8595294609788111,
      0.8595294609788111,
      0.8595294609788111,
      0.8595294609788111,
      0.8595294609788111,
      0.8595294609788111,
      0.8595294609788111,
      0.8595294609788111,
      0.8595294609788111,
      0.8595294609788111,
      0.8595294609788111,
      0.8595294609788111,
      0.8595294609788111,
      0.8595294609788111,
      0.8595294609788111,
      0.8595294609788111,
      0.8595294609788111,
      0.8595294609788111,
      0.8595294609788111,
      0.8595294609788111,
      0.8595294609788111,
      0.8595294609788111,
      0.8595294609788111,
      0.8595294609788111,
      0.8595294609788111,
      0.8595294609788111,
      0.8595294609788111,
      0.8595294609788111,
      0.8595294609788111,
      0.8595294609788111,
      0.8595294609788111,
      0.8595294609788111,
      0.8595294609788111,
      0.8595294609788111,
      0.8595294609788111,
      0.8595294609788111,
      0.8595294609788111,
      0.8595523007456805,
      0.8595523007456805,
      0.8596296979664935,
      0.8598655682096001,
      0.8598655682096001,
      0.8598655682096001,
      0.8598655682096001,
      0.8598655682096001,
      0.8598655682096001,
      0.8598655682096001,
      0.8598655682096001,
      0.8598655682096001,
      0.8598655682096001,
      0.8598655682096001,
      0.8598655682096001,
      0.8598655682096001,
      0.8598655682096001,
      0.8598655682096001,
      0.8600055579155184,
      0.8600055579155184,
      0.8600055579155184,
      0.8600055579155184,
      0.8600055579155184,
      0.8600055579155184,
      0.8600055579155184,
      0.8600055579155184,
      0.8600055579155184,
      0.8600055579155184,
      0.8600055579155184,
      0.8600055579155184,
      0.8600055579155184
    ]
  }
}