{
  "dataset": "K03",
  "dataset_name": "Churn Modelling (Perbankan)",
  "n_samples": 10000,
  "n_features": 13,
  "imbalance_ratio": 3.91,
  "optimal_configs": {
    "C1": {
      "n_layers": 2,
      "n_neurons": 7,
      "dropout": 0.0,
      "lr": 0.001,
      "batch_size": 32,
      "epochs": 100
    },
    "C2": {
      "n_layers": 3,
      "n_neurons": 36,
      "dropout": 0.3954502788303146,
      "lr": 0.00189889020685818,
      "batch_size": 256,
      "epochs": 100
    },
    "C3": {
      "n_layers": 3,
      "n_neurons": 36,
      "dropout": 0.3641801104516615,
      "lr": 0.0016505105250140821,
      "batch_size": 128,
      "epochs": 100
    },
    "C4": {
      "n_layers": 2,
      "n_neurons": 28,
      "dropout": 0.306702606839036,
      "lr": 0.0010489039796221188,
      "batch_size": 256,
      "epochs": 100
    }
  },
  "eval_metrics": {
    "C1": {
      "auc": [
        0.8559,
        0.8717,
        0.8837,
        0.7953,
        0.8527,
        0.8596,
        0.8622,
        0.8463,
        0.8656,
        0.8417
      ],
      "f1": [
        0.7351,
        0.7343,
        0.7473,
        0.6675,
        0.7241,
        0.7267,
        0.7226,
        0.7048,
        0.7375,
        0.7202
      ],
      "accuracy": [
        0.804,
        0.796,
        0.806,
        0.753,
        0.789,
        0.791,
        0.786,
        0.77,
        0.798,
        0.795
      ],
      "precision": [
        0.7171,
        0.7157,
        0.7273,
        0.6558,
        0.7066,
        0.709,
        0.7055,
        0.69,
        0.7186,
        0.7038
      ],
      "recall": [
        0.773,
        0.7862,
        0.8016,
        0.6972,
        0.7727,
        0.7758,
        0.7744,
        0.7584,
        0.7925,
        0.7539
      ]
    },
    "C2": {
      "auc": [
        0.8571,
        0.8768,
        0.8784,
        0.8049,
        0.8562,
        0.8668,
        0.8623,
        0.8506,
        0.8721,
        0.8579
      ],
      "f1": [
        0.7366,
        0.753,
        0.7424,
        0.6783,
        0.7321,
        0.7282,
        0.7262,
        0.7134,
        0.7523,
        0.7472
      ],
      "accuracy": [
        0.807,
        0.813,
        0.801,
        0.761,
        0.798,
        0.794,
        0.789,
        0.78,
        0.817,
        0.814
      ],
      "precision": [
        0.7189,
        0.7325,
        0.7231,
        0.6656,
        0.7138,
        0.7103,
        0.7086,
        0.6971,
        0.7325,
        0.7281
      ],
      "recall": [
        0.7712,
        0.8023,
        0.7984,
        0.7095,
        0.7765,
        0.774,
        0.7781,
        0.7629,
        0.7934,
        0.786
      ]
    },
    "C3": {
      "auc": [
        0.8553,
        0.8752,
        0.8781,
        0.8075,
        0.857,
        0.8674,
        0.8636,
        0.8506,
        0.8694,
        0.855
      ],
      "f1": [
        0.735,
        0.7327,
        0.7286,
        0.6833,
        0.7275,
        0.7265,
        0.7257,
        0.7141,
        0.7496,
        0.7491
      ],
      "accuracy": [
        0.81,
        0.791,
        0.786,
        0.759,
        0.794,
        0.793,
        0.785,
        0.78,
        0.809,
        0.818
      ],
      "precision": [
        0.7191,
        0.7149,
        0.7117,
        0.6701,
        0.7097,
        0.7088,
        0.7088,
        0.6978,
        0.7292,
        0.7307
      ],
      "recall": [
        0.7622,
        0.7922,
        0.7908,
        0.7228,
        0.7722,
        0.7715,
        0.7847,
        0.7647,
        0.8031,
        0.783
      ]
    },
    "C4": {
      "auc": [
        0.8573,
        0.8731,
        0.8819,
        0.8097,
        0.8573,
        0.8678,
        0.8651,
        0.8517,
        0.8702,
        0.8638
      ],
      "f1": [
        0.7287,
        0.7477,
        0.7424,
        0.6847,
        0.7246,
        0.7181,
        0.7245,
        0.7127,
        0.7609,
        0.7519
      ],
      "accuracy": [
        0.799,
        0.809,
        0.803,
        0.767,
        0.791,
        0.782,
        0.788,
        0.78,
        0.819,
        0.82
      ],
      "precision": [
        0.7112,
        0.7277,
        0.723,
        0.6714,
        0.7071,
        0.7016,
        0.7071,
        0.6964,
        0.7394,
        0.7332
      ],
      "recall": [
        0.7662,
        0.7962,
        0.7942,
        0.7151,
        0.7703,
        0.7701,
        0.7757,
        0.761,
        0.813,
        0.7861
      ]
    }
  },
  "statistics": {
    "friedman": {
      "statistic": 14.64,
      "p_value": 0.002152,
      "significant": true
    },
    "mean_friedman_rank": {
      "C1": 3.6,
      "C2": 2.4,
      "C3": 2.6,
      "C4": 1.4
    },
    "pairwise": [
      {
        "pair": "C1 vs C2",
        "p_raw": 0.027344,
        "p_holm": 0.136719,
        "reject_H0": false,
        "effect_r": 0.693,
        "effect_label": "large"
      },
      {
        "pair": "C1 vs C3",
        "p_raw": 0.048828,
        "p_holm": 0.148438,
        "reject_H0": false,
        "effect_r": 0.6285,
        "effect_label": "large"
      },
      {
        "pair": "C1 vs C4",
        "p_raw": 0.009766,
        "p_holm": 0.058594,
        "reject_H0": false,
        "effect_r": 0.7897,
        "effect_label": "large"
      },
      {
        "pair": "C2 vs C3",
        "p_raw": 0.556641,
        "p_holm": 0.556641,
        "reject_H0": false,
        "effect_r": 0.2095,
        "effect_label": "small"
      },
      {
        "pair": "C2 vs C4",
        "p_raw": 0.160156,
        "p_holm": 0.320312,
        "reject_H0": false,
        "effect_r": 0.4674,
        "effect_label": "medium"
      },
      {
        "pair": "C3 vs C4",
        "p_raw": 0.037109,
        "p_holm": 0.148438,
        "reject_H0": false,
        "effect_r": 0.6608,
        "effect_label": "large"
      }
    ]
  },
  "convergence_traces": {
    "C1": null,