{
  "config": {
    "n_layers": 3,
    "n_neurons": 36,
    "dropout": 0.3954502788303146,
    "lr": 0.00189889020685818,
    "batch_size": 256,
    "epochs": 100
  },
  "metrics": {
    "auc": [
      0.8571472558872796,
      0.8768043649620653,
      0.87842398265839,
      0.8049192038624493,
      0.8562235195585772,
      0.8668280126120801,
      0.8623263375702039,
      0.8505602907454679,
      0.8720880642310141,
      0.8578969163921355
    ],
    "f1": [
      0.7365946464567885,
      0.7529562679750736,
      0.7423851510283235,
      0.6783098750792448,
      0.7320898056192173,
      0.7282092419412721,
      0.726172817396202,
      0.7134207660523451,
      0.7523275123531729,
      0.7472152910285892
    ],
    "accuracy": [
      0.807,
      0.813,
      0.801,
      0.761,
      0.798,
      0.794,
      0.789,
      0.78,
      0.817,
      0.814
    ],
    "precision": [
      0.7189412355400455,
      0.7324625575900487,
      0.7230814908925193,
      0.665574097596348,
      0.7138095238095238,
      0.7102805505142166,
      0.7086083386063525,
      0.6970918781137759,
      0.7324685118802766,
      0.7280581141485676
    ],
    "recall": [
      0.7712213025913883,
      0.8023327421420829,
      0.7984407330771504,
      0.7095157158340724,
      0.7765050743915657,
      0.7739925115774953,
      0.7781431668144645,
      0.7628545469154651,
      0.7934093985450366,
      0.7860202359834602
    ],
    "convergence_trace": [
      0.851144678222177,
      0.851144678222177,
      0.851144678222177,
      0.8519559399635096,
      0.856199500744227,
      0.856199500744227,
      0.856199500744227,
      0.856199500744227,
      0.856199500744227,
      0.856199500744227,
      0.856199500744227,
      0.856199500744227,
      0.856199500744227,
      0.856199500744227,
      0.856199500744227,
      0.856199500744227,
      0.856199500744227,
      0.8569443341390846,
      0.8569443341390846,
      0.8569443341390846,
      0.8569443341390846,
      0.8569443341390846,
      0.8569443341390846,
      0.8569443341390846,
      0.8569443341390846,
      0.8569443341390846,
      0.8569443341390846,
      0.8578522456871079,
      0.8578522456871079,
      0.8578522456871079,
      0.8578522456871079,
      0.8578522456871079,
      0.8578522456871079,
      0.8578522456871079,
      0.8578522456871079,
      0.8578522456871079,
      0.8578522456871079,
      0.8578522456871079,
      0.8578522456871079,
      0.8578522456871079,
      0.8578522456871079,
      0.8578522456871079,
      0.8578522456871079,
      0.8578522456871079,
      0.8578522456871079,
      0.8578522456871079,
      0.8578522456871079,
      0.8578522456871079,
      0.8578522456871079,
      0.8578522456871079,
      0.8578522456871079,
      0.8578522456871079,
      0.8578522456871079,
      0.8578522456871079,
      0.8578522456871079,
      0.8578522456871079,
      0.8578522456871079,
      0.8578522456871079,
      0.8578522456871079,
      0.8578522456871079,
      0.8578522456871079,
      0.8578522456871079,
      0.8578522456871079,
      0.8578522456871079,
      0.8578522456871079,
      0.8578522456871079,
      0.8578522456871079,
      0.8578522456871079,
      0.8578522456871079,
      0.8578522456871079,
      0.8578522456871079,
      0.8581827415229221,
      0.8581827415229221,
      0.8581827415229221,
      0.8581827415229221,
      0.8581827415229221,
      0.8581827415229221,
      0.8581827415229221,
      0.8581827415229221,
      0.8581827415229221,
      0.8581827415229221,
      0.8581827415229221,
      0.8581827415229221,
      0.8581827415229221,
      0.8581827415229221,
      0.8581827415229221,
      0.8581827415229221,
      0.8581827415229221,
      0.8581827415229221,
      0.8581827415229221,
      0.8581827415229221,
      0.8581827415229221,
      0.8581827415229221,
      0.8581827415229221,
      0.8581827415229221,
      0.8581827415229221,
      0.8581827415229221,
      0.8581827415229221,
      0.8581827415229221,
      0.8588851684702323,
      0.8588851684702323,
      0.8588851684702323,
      0.8588851684702323,
      0.8588851684702323,
      0.8588851684702323,
      0.8597652915092244,
      0.8597652915092244,
      0.8597652915092244,
      0.8597652915092244,
      0.8597652915092244,
      0.8597652915092244,
      0.8597652915092244,
      0.8597652915092244,
      0.8597652915092244,
      0.8597652915092244,
      0.8597652915092244,
      0.8597652915092244,
      0.8597652915092244,
      0.8597652915092244,
      0.8597652915092244,
      0.8597652915092244,
      0.8597652915092244,
      0.8597652915092244,
      0.8597652915092244,
      0.8597652915092244,
      0.8597652915092244,
      0.8597652915092244,
      0.8597652915092244,
      0.8597652915092244,
      0.8597652915092244,
      0.8597652915092244,
      0.8597652915092244,
      0.8597652915092244,
      0.8597652915092244,
      0.8597652915092244,
      0.8597652915092244,
      0.8597652915092244,
      0.8597652915092244,
      0.8597652915092244,
      0.8597652915092244,
      0.8597652915092244,
      0.8597652915092244,
      0.8597652915092244,
      0.8597652915092244,
      0.8597652915092244,
      0.8597652915092244,
      0.8597652915092244,
      0.8597652915092244,
      0.8597652915092244,
      0.8597652915092244
    ]
  }
}