{
  "config": {
    "n_layers": 2,
    "n_neurons": 7,
    "dropout": 0.0,
    "lr": 0.001,
    "batch_size": 32,
    "epochs": 100
  },
  "metrics": {
    "auc": [
      0.8558601832692876,
      0.871680707458863,
      0.8836954379741846,
      0.7953492954970932,
      0.8527010050251256,
      0.8596413439747758,
      0.8621970144841855,
      0.8463017102311007,
      0.8656476565445543,
      0.8416537384650566
    ],
    "f1": [
      0.7350993377483444,
      0.7342628921576291,
      0.7472892209734314,
      0.6675420047890103,
      0.7241018600241902,
      0.7267170082704064,
      0.7226240285360251,
      0.7047875754075215,
      0.7375259875259875,
      0.7202171115214594
    ],
    "accuracy": [
      0.804,
      0.796,
      0.806,
      0.753,
      0.789,
      0.791,
      0.786,
      0.77,
      0.798,
      0.795
    ],
    "precision": [
      0.7170770406064524,
      0.7157434402332361,
      0.7273495385415313,
      0.6558407428496342,
      0.706637141297094,
      0.7089705477438293,
      0.705481473284273,
      0.6899818694875745,
      0.7185778089796824,
      0.7037698412698412
    ],
    "recall": [
      0.7729825598581141,
      0.7861858311163661,
      0.8015814365947384,
      0.6971992314513745,
      0.7726746477485467,
      0.7757537688442211,
      0.7744359050152725,
      0.7584167228090561,
      0.7925039093645505,
      0.7539078193471824
    ],
    "convergence_trace": null
  }
}