{
  "config": {
    "n_layers": 2,
    "n_neurons": 7,
    "dropout": 0.0,
    "lr": 0.001,
    "batch_size": 32,
    "epochs": 100
  },
  "metrics": {
    "auc": [
      0.8304668304668306,
      0.8552846199905023,
      0.832552185493362,
      0.8309461535267988,
      0.8546013094880999,
      0.8417960467112817,
      0.7853101500842996,
      0.8375965825049907,
      0.815285635970583,
      0.8144167813072125
    ],
    "f1": [
      0.6999831128623698,
      0.7450368311856406,
      0.7129913655987276,
      0.729130520003775,
      0.7563065934249571,
      0.7341736980718949,
      0.6829383830958965,
      0.7399663682578563,
      0.696967452882586,
      0.7010398087819556
    ],
    "accuracy": [
      0.7319148936170212,
      0.7843971631205674,
      0.7560283687943262,
      0.7741477272727273,
      0.7940340909090909,
      0.7741477272727273,
      0.7258522727272727,
      0.7840909090909091,
      0.7357954545454546,
      0.7514204545454546
    ],
    "precision": [
      0.6955060951239009,
      0.7335053298039776,
      0.7033496007098492,
      0.7189670794321956,
      0.7441810344827586,
      0.7232537419814682,
      0.6758003962874126,
      0.7298460458630021,
      0.6894399793699231,
      0.6927797434763379
    ],
    "recall": [
      0.7423915512150806,
      0.7695631077984019,
      0.7365897218838395,
      0.7483185950927886,
      0.781260666742519,
      0.7591876208897486,
      0.7092388212538401,
      0.7574240527932643,
      0.7279553987939469,
      0.716406872226647
    ],
    "convergence_trace": null
  }
}