{
  "dataset": "K04",
  "dataset_name": "Telco Customer Churn (Telekomunikasi)",
  "n_samples": 7043,
  "n_features": 45,
  "imbalance_ratio": 2.77,
  "optimal_configs": {
    "C1": {
      "n_layers": 2,
      "n_neurons": 7,
      "dropout": 0.0,
      "lr": 0.001,
      "batch_size": 32,
      "epochs": 100
    },
    "C2": {
      "n_layers": 3,
      "n_neurons": 128,
      "dropout": 0.19615945335532947,
      "lr": 0.0014424951248703233,
      "batch_size": 512,
      "epochs": 100
    },
    "C3": {
      "n_layers": 2,
      "n_neurons": 96,
      "dropout": 0.39849015376209823,
      "lr": 0.0010997318473013407,
      "batch_size": 512,
      "epochs": 100
    },
    "C4": {
      "n_layers": 1,
      "n_neurons": 99,
      "dropout": 0.3347598646677637,
      "lr": 0.0026346388376266056,
      "batch_size": 512,
      "epochs": 100
    }
  },
  "eval_metrics": {
    "C1": {
      "auc": [
        0.8305,
        0.8553,
        0.8326,
        0.8309,
        0.8546,
        0.8418,
        0.7853,
        0.8376,
        0.8153,
        0.8144
      ],
      "f1": [
        0.7,
        0.745,
        0.713,
        0.7291,
        0.7563,
        0.7342,
        0.6829,
        0.74,
        0.697,
        0.701
      ],
      "accuracy": [
        0.7319,
        0.7844,
        0.756,
        0.7741,
        0.794,
        0.7741,
        0.7259,
        0.7841,
        0.7358,
        0.7514
      ],
      "precision": [
        0.6955,
        0.7335,
        0.7033,
        0.719,
        0.7442,
        0.7233,
        0.6758,
        0.7298,
        0.6894,
        0.6928
      ],
      "recall": [
        0.7424,
        0.7696,
        0.7366,
        0.7483,
        0.7813,
        0.7592,
        0.7092,
        0.7574,
        0.728,
        0.7164
      ]
    },
    "C2": {
      "auc": [
        0.8509,
        0.8519,
        0.8572,
        0.8326,
        0.8663,
        0.847,
        0.7956,
        0.8453,
        0.8327,
        0.8242
      ],
      "f1": [
        0.7345,
        0.6952,
        0.6617,
        0.6503,
        0.7261,
        0.7108,
        0.6613,
        0.7196,
        0.7033,
        0.6283
      ],
      "accuracy": [
        0.7645,
        0.722,
        0.6738,
        0.669,
        0.75,
        0.7344,
        0.6832,
        0.7514,
        0.7315,
        0.6364
      ],
      "precision": [
        0.7262,
        0.696,
        0.6971,
        0.6711,
        0.7247,
        0.7126,
        0.6742,
        0.7124,
        0.7013,
        0.6825
      ],
      "recall": [
        0.7783,
        0.7476,
        0.7507,
        0.72,
        0.7837,
        0.7697,
        0.7229,
        0.7608,
        0.7524,
        0.7268
      ]
    },
    "C3": {
      "auc": [
        0.8509,
        0.8527,
        0.8547,
        0.8298,
        0.8684,
        0.8491,
        0.7985,
        0.8493,
        0.8331,
        0.8294
      ],
      "f1": [
        0.733,
        0.712,
        0.7096,
        0.712,
        0.7327,
        0.7215,
        0.6845,
        0.7415,
        0.7042,
        0.6984
      ],
      "accuracy": [
        0.7674,
        0.7418,
        0.7305,
        0.7457,
        0.7656,
        0.7528,
        0.7145,
        0.7798,
        0.7358,
        0.7344
      ],
      "precision": [
        0.7228,
        0.7072,
        0.7158,
        0.7048,
        0.7231,
        0.7143,
        0.6839,
        0.7301,
        0.6993,
        0.6919
      ],
      "recall": [
        0.7682,
        0.7577,
        0.7756,
        0.7514,
        0.7705,
        0.7635,
        0.7305,
        0.7682,
        0.7467,
        0.7338
      ]
    },
    "C4": {
      "auc": [
        0.8534,
        0.8504,
        0.8566,
        0.8301,
        0.8691,
        0.8516,
        0.802,
        0.8433,
        0.8335,
        0.8306
      ],
      "f1": [
        0.7461,
        0.743,
        0.7222,
        0.7151,
        0.7451,
        0.7455,
        0.6944,
        0.7385,
        0.7106,
        0.6959
      ],
      "accuracy": [
        0.7801,
        0.7801,
        0.7475,
        0.7543,
        0.777,
        0.7827,
        0.733,
        0.7841,
        0.7486,
        0.7315
      ],
      "precision": [
        0.7347,
        0.7315,
        0.7199,
        0.7056,
        0.7344,
        0.7338,
        0.6873,
        0.7289,
        0.7018,
        0.6898
      ],
      "recall": [
        0.7803,
        0.7718,
        0.7769,
        0.7451,
        0.7833,
        0.7735,
        0.726,
        0.754,
        0.7418,
        0.7319
      ]
    }
  },
  "statistics": {
    "friedman": {
      "statistic": 9.24,
      "p_value": 0.026264,
      "significant": true
    },
    "mean_friedman_rank": {
      "C1": 3.5,
      "C2": 2.4,
      "C3": 2.3,
      "C4": 1.8
    },
    "pairwise": [
      {
        "pair": "C1 vs C2",
        "p_raw": 0.005859,
        "p_holm": 0.035156,
        "reject_H0": true,
        "effect_r": 0.8219,
        "effect_label": "large"
      },
      {
        "pair": "C1 vs C3",
        "p_raw": 0.009766,
        "p_holm": 0.048828,
        "reject_H0": true,
        "effect_r": 0.7897,
        "effect_label": "large"
      },
      {
        "pair": "C1 vs C4",
        "p_raw": 0.009766,
        "p_holm": 0.048828,
        "reject_H0": true,
        "effect_r": 0.7897,
        "effect_label": "large"
      },
      {
        "pair": "C2 vs C3",
        "p_raw": 0.232422,
        "p_holm": 0.480469,
        "reject_H0": false,
        "effect_r": 0.4029,
        "effect_label": "medium"
      },
      {
        "pair": "C2 vs C4",
        "p_raw": 0.160156,
        "p_holm": 0.480469,
        "reject_H0": false,
        "effect_r": 0.4674,
        "effect_label": "medium"
      },
      {
        "pair": "C3 vs C4",
        "p_raw": 0.275391,
        "p_holm": 0.480469,
        "reject_H0": false,
        "effect_r": 0.3707,
        "effect_label": "medium"
      }
    ]
  },
  "convergence_traces": {
    "C1": null,