{
  "config": {
    "n_layers": 3,
    "n_neurons": 128,
    "dropout": 0.19615945335532947,
    "lr": 0.0014424951248703233,
    "batch_size": 512,
    "epochs": 100
  },
  "metrics": {
    "auc": [
      0.8508558214440568,
      0.8518675283381165,
      0.8571738277620631,
      0.8326068003487358,
      0.8663411909514993,
      0.8469781441678131,
      0.7956277992118247,
      0.8453231829042501,
      0.8326523857300966,
      0.8242120832859257
    ],
    "f1": [
      0.7345391692525451,
      0.6951983482741583,
      0.6617195453710967,
      0.650286645048364,
      0.7260894170911149,
      0.7108003910240217,
      0.6613449819338835,
      0.7196476480667748,
      0.7033489622698299,
      0.6282508250825083
    ],
    "accuracy": [
      0.7645390070921986,
      0.7219858156028369,
      0.6737588652482269,
      0.6690340909090909,
      0.75,
      0.734375,
      0.6832386363636364,
      0.7514204545454546,
      0.7315340909090909,
      0.6363636363636364
    ],
    "precision": [
      0.7262304438326731,
      0.69600127488477,
      0.6970779220779221,
      0.6710561362444005,
      0.7247224611855311,
      0.7126288659793815,
      0.6741924531962363,
      0.7123652291105121,
      0.7013036303630363,
      0.6824592496442925
    ],
    "recall": [
      0.7782606900253959,
      0.747594615241674,
      0.7506555447731919,
      0.719963050608212,
      0.783706906360223,
      0.769655250881784,
      0.7228922516782341,
      0.7607805211059279,
      0.7523609056775515,
      0.7268176129252475
    ],
    "convergence_trace": [
      0.8357543796222092,
      0.8403261106068921,
      0.8403261106068921,
      0.8403261106068921,
      0.8403472393079294,
      0.8403472393079294,
      0.8403472393079294,
      0.8403472393079294,
      0.8403472393079294,
      0.8403472393079294,
      0.8403472393079294,
      0.8403472393079294,
      0.8403472393079294,
      0.8418634858783968,
      0.8418634858783968,
      0.8418634858783968,
      0.8418634858783968,
      0.8418634858783968,
      0.8418634858783968,
      0.8418634858783968,
      0.8418634858783968,
      0.8418634858783968,
      0.8418634858783968,
      0.8418634858783968,
      0.8418634858783968,
      0.8418634858783968,
      0.8418634858783968,
      0.8418634858783968,
      0.8418634858783968,
      0.8418634858783968,
      0.8418634858783968,
      0.8418634858783968,
      0.8418634858783968,
      0.8418634858783968,
      0.8418634858783968,
      0.8418634858783968,
      0.8418634858783968,
      0.8418634858783968,
      0.8418634858783968,
      0.8418634858783968,
      0.8418634858783968,
      0.8418634858783968,
      0.8418634858783968,
      0.8418634858783968,
      0.8418634858783968,
      0.8418634858783968,
      0.8418634858783968,
      0.8418634858783968,
      0.8418634858783968,
      0.8418634858783968,
      0.8418634858783968,
      0.8418634858783968,
      0.8418634858783968,
      0.8418634858783968,
      0.8418634858783968,
      0.8418634858783968,
      0.8418634858783968,
      0.8418634858783968,
      0.8418634858783968,
      0.8418634858783968,
      0.8418634858783968,
      0.8418634858783968,
      0.8418634858783968,
      0.8418634858783968,
      0.8418634858783968,
      0.8418634858783968,
      0.8418634858783968,
      0.8418634858783968,
      0.8418634858783968,
      0.8418634858783968,
      0.8418634858783968,
      0.8418634858783968,
      0.8418634858783968,
      0.8418634858783968,
      0.8418634858783968,
      0.8418634858783968,
      0.8418634858783968,
      0.8418634858783968,
      0.8418634858783968,
      0.8418634858783968,
      0.8421742734948549,
      0.8421742734948549,
      0.8421742734948549,
      0.8421742734948549,
      0.8421742734948549,
      0.8421742734948549,
      0.8421742734948549,
      0.8421742734948549,
      0.8421742734948549,
      0.8421742734948549,
      0.8421742734948549,
      0.8421742734948549,
      0.8421742734948549,
      0.8421742734948549,
      0.8421742734948549,
      0.8421742734948549,
      0.8421742734948549,
      0.8421742734948549,
      0.8421742734948549,
      0.8421742734948549,
      0.8421742734948549,
      0.8421742734948549,
      0.8421742734948549,
      0.8421742734948549,
      0.8421742734948549,
      0.8421742734948549,
      0.8421742734948549,
      0.8421742734948549,
      0.8421742734948549,
      0.8421742734948549,
      0.8421742734948549,
      0.8421742734948549,
      0.8421742734948549,
      0.8421742734948549,
      0.8421742734948549,
      0.8421742734948549,
      0.8421742734948549,
      0.8421742734948549,
      0.8421742734948549,
      0.8421742734948549,
      0.8421742734948549,
      0.8421742734948549,
      0.8421742734948549,
      0.8421742734948549,
      0.8421742734948549,
      0.8421742734948549,
      0.8421742734948549,
      0.8421742734948549,
      0.8421742734948549,
      0.8421742734948549,
      0.8421742734948549,
      0.8421742734948549,
      0.8421742734948549,
      0.8421742734948549,
      0.8421742734948549,
      0.8421742734948549,
      0.8421742734948549,
      0.8421742734948549,
      0.8421742734948549,
      0.8421742734948549,
      0.8421742734948549,
      0.8421742734948549,
      0.8421742734948549,
      0.8421742734948549,
      0.8421742734948549,
      0.8421742734948549,
      0.8421742734948549,
      0.8421742734948549,
      0.8421742734948549,
      0.8421742734948549
    ]
  }
}