{
  "config": {
    "n_layers": 2,
    "n_neurons": 96,
    "dropout": 0.39849015376209823,
    "lr": 0.0010997318473013407,
    "batch_size": 512,
    "epochs": 100
  },
  "metrics": {
    "auc": [
      0.8508558214440567,
      0.8527450292156176,
      0.8546548840666488,
      0.8297629426661686,
      0.8683995490230557,
      0.8491089067946502,
      0.7984670921296249,
      0.8493261204604929,
      0.8330868130617818,
      0.8293528067108678
    ],
    "f1": [
      0.7329890812348736,
      0.7119839459838023,
      0.7096274907653088,
      0.7119864696538563,
      0.7327240472426813,
      0.7215493726132024,
      0.6845139757472795,
      0.7415289867945758,
      0.7042257338790556,
      0.6984472028348455
    ],
    "accuracy": [
      0.7673758865248227,
      0.7418439716312056,
      0.7304964539007093,
      0.7457386363636364,
      0.765625,
      0.7528409090909091,
      0.7144886363636364,
      0.7798295454545454,
      0.7357954545454546,
      0.734375
    ],
    "precision": [
      0.7228344768439108,
      0.7071940833706858,
      0.71580547112462,
      0.7047954412871262,
      0.7231353473288957,
      0.7142845124218637,
      0.6838778877887789,
      0.7301185784783613,
      0.6993123271417709,
      0.6918604651162791
    ],
    "recall": [
      0.7682313711725477,
      0.7576910371028018,
      0.7755972167736873,
      0.7514115497986465,
      0.7704517009898737,
      0.7634543178973717,
      0.7305154169985209,
      0.7681761292524747,
      0.7467288656274889,
      0.7338149960177495
    ],
    "convergence_trace": [
      0.8413903376059422,
      0.8413903376059422,
      0.8413903376059422,
      0.8413903376059422,
      0.8413903376059422,
      0.8413903376059422,
      0.8413903376059422,
      0.8413903376059422,
      0.8413903376059422,
      0.8413903376059422,
      0.8413903376059422,
      0.8413903376059422,
      0.8413903376059422,
      0.8413903376059422,
      0.8419694400907126,
      0.8419694400907126,
      0.8419694400907126,
      0.8419694400907126,
      0.8419694400907126,
      0.8422023183348702,
      0.8422023183348702,
      0.8422989006894863,
      0.8422989006894863,
      0.8427280125263426,
      0.8427280125263426,
      0.8427280125263426,
      0.8427280125263426,
      0.8427280125263426,
      0.8427280125263426,
      0.8427280125263426,
      0.8427280125263426,
      0.8427280125263426,
      0.8427280125263426,
      0.8427280125263426,
      0.8427280125263426,
      0.8427280125263426,
      0.8427280125263426,
      0.8427280125263426,
      0.8427280125263426,
      0.8427280125263426,
      0.8427280125263426,
      0.8427280125263426,
      0.8427280125263426,
      0.8427280125263426,
      0.8427280125263426,
      0.8427280125263426,
      0.8427280125263426,
      0.8427280125263426,
      0.8427280125263426,
      0.8427280125263426,
      0.8427280125263426,
      0.8427280125263426,
      0.8427280125263426,
      0.8427280125263426,
      0.8427280125263426,
      0.8427280125263426,
      0.8427280125263426,
      0.8427280125263426,
      0.8427280125263426,
      0.8427280125263426,
      0.8427280125263426,
      0.8427280125263426,
      0.8427280125263426,
      0.8427280125263426,
      0.8427280125263426,
      0.8427280125263426,
      0.8427280125263426,
      0.8427280125263426,
      0.8427280125263426,
      0.8427280125263426,
      0.8427280125263426,
      0.8427280125263426,
      0.8427280125263426,
      0.8427280125263426,
      0.8427280125263426,
      0.8427280125263426,
      0.8427280125263426,
      0.8427280125263426,
      0.8427280125263426,
      0.8427280125263426,
      0.8427280125263426,
      0.8427280125263426,
      0.8427280125263426,
      0.8427280125263426,
      0.8427280125263426,
      0.8427280125263426,
      0.8427280125263426,
      0.8427280125263426,
      0.8427280125263426,
      0.8427280125263426,
      0.8427280125263426,
      0.8427280125263426,
      0.8427280125263426,
      0.8427280125263426,
      0.8427280125263426,
      0.8427280125263426,
      0.8427280125263426,
      0.8427280125263426,
      0.8427280125263426,
      0.8427280125263426,
      0.8427280125263426,
      0.8427280125263426,
      0.8427280125263426,
      0.8427280125263426,
      0.8427280125263426,
      0.8427280125263426,
      0.8427280125263426,
      0.8427280125263426,
      0.8427280125263426,
      0.8427280125263426,
      0.8427280125263426,
      0.8427280125263426,
      0.8427280125263426,
      0.8427280125263426,
      0.8427280125263426,
      0.8427280125263426,
      0.8427280125263426,
      0.8427280125263426,
      0.8427280125263426,
      0.8427280125263426,
      0.8427280125263426,
      0.8427280125263426,
      0.8427280125263426,
      0.8427280125263426,
      0.8427280125263426,
      0.8427280125263426,
      0.8427280125263426,
      0.8427280125263426,
      0.8427280125263426,
      0.8427280125263426,
      0.8427280125263426,
      0.8427280125263426,
      0.8427280125263426,
      0.8427280125263426,
      0.8427280125263426,
      0.8427280125263426,
      0.8427280125263426,
      0.8427280125263426,
      0.8427280125263426,
      0.8427280125263426,
      0.8427280125263426,
      0.8427280125263426,
      0.8427280125263426,
      0.8427280125263426,
      0.8427280125263426,
      0.8427280125263426,
      0.8427280125263426,
      0.8427280125263426,
      0.8427280125263426,
      0.8427280125263426
    ]
  }
}