{
  "config": {
    "n_layers": 1,
    "n_neurons": 99,
    "dropout": 0.3347598646677637,
    "lr": 0.0026346388376266056,
    "batch_size": 512,
    "epochs": 100
  },
  "metrics": {
    "auc": [
      0.8534263828381475,
      0.8504119092354386,
      0.8566473272355624,
      0.8300743139452817,
      0.8690718770363781,
      0.8515810051820975,
      0.8020356023541824,
      0.8432648248326937,
      0.8334902098697753,
      0.8306147146743346
    ],
    "f1": [
      0.7461442500017423,
      0.7430038969804869,
      0.7221557999893724,
      0.71510310062106,
      0.7451010689205863,
      0.7455151150015948,
      0.6944190470913104,
      0.738481841732245,
      0.7106116941598872,
      0.6958963282937365
    ],
    "accuracy": [
      0.7801418439716312,
      0.7801418439716312,
      0.7475177304964539,
      0.7542613636363636,
      0.7769886363636364,
      0.7826704545454546,
      0.7329545454545454,
      0.7840909090909091,
      0.7485795454545454,
      0.7315340909090909
    ],
    "precision": [
      0.7347018150388938,
      0.7314505494505494,
      0.7198770491803279,
      0.7055989345311153,
      0.7344070929754896,
      0.7338355970571591,
      0.6872787733868133,
      0.7289466078703747,
      0.7018496770405167,
      0.6897771908438304
    ],
    "recall": [
      0.7803357215121921,
      0.7717929923812277,
      0.7769289533995416,
      0.7451426080458339,
      0.7833086813061781,
      0.7735237228353624,
      0.7260211628171578,
      0.7540106951871658,
      0.741779497098646,
      0.7318807600409603
    ],
    "convergence_trace": [
      0.8357543796222092,
      0.8403261106068921,
      0.8403261106068921,
      0.8403261106068921,
      0.8403472393079294,
      0.8403472393079294,
      0.8403472393079294,
      0.8403472393079294,
      0.8403472393079294,
      0.8403472393079294,
      0.8403472393079294,
      0.8403472393079294,
      0.8403472393079294,
      0.8418634858783968,
      0.8418634858783968,
      0.8418634858783968,
      0.8418634858783968,
      0.8418634858783968,
      0.8418634858783968,
      0.8418634858783968,
      0.8418634858783968,
      0.8418634858783968,
      0.8418634858783968,
      0.8418634858783968,
      0.8418634858783968,
      0.8418634858783968,
      0.8418634858783968,
      0.8418634858783968,
      0.8418634858783968,
      0.8418634858783968,
      0.8418634858783968,
      0.8418634858783968,
      0.8418634858783968,
      0.8418634858783968,
      0.8418634858783968,
      0.8418634858783968,
      0.8418634858783968,
      0.8418634858783968,
      0.8418634858783968,
      0.8418634858783968,
      0.8418634858783968,
      0.8418634858783968,
      0.8418634858783968,
      0.8418634858783968,
      0.8418634858783968,
      0.8418634858783968,
      0.8418634858783968,
      0.8418634858783968,
      0.8418634858783968,
      0.8418634858783968,
      0.8418634858783968,
      0.8418634858783968,
      0.8418634858783968,
      0.8418634858783968,
      0.8418634858783968,
      0.8418634858783968,
      0.8418634858783968,
      0.8418634858783968,
      0.8418634858783968,
      0.8418634858783968,
      0.8418634858783968,
      0.8418634858783968,
      0.8418634858783968,
      0.8418634858783968,
      0.8418634858783968,
      0.8418634858783968,
      0.8418634858783968,
      0.8418634858783968,
      0.8418634858783968,
      0.8418634858783968,
      0.8418634858783968,
      0.8418634858783968,
      0.8418634858783968,
      0.8418634858783968,
      0.8418634858783968,
      0.8418634858783968,
      0.8418634858783968,
      0.8418634858783968,
      0.8418634858783968,
      0.8418634858783968,
      0.8421742734948549,
      0.8421742734948549,
      0.8421742734948549,
      0.8421742734948549,
      0.8421742734948549,
      0.8421742734948549,
      0.8421742734948549,
      0.8421742734948549,
      0.8421742734948549,
      0.8421742734948549,
      0.8421742734948549,
      0.8421742734948549,
      0.8421742734948549,
      0.8421742734948549,
      0.8421742734948549,
      0.8421742734948549,
      0.8421742734948549,
      0.8421742734948549,
      0.8421742734948549,
      0.8421742734948549,
      0.8421742734948549,
      0.8421742734948549,
      0.8421742734948549,
      0.8421742734948549,
      0.8421742734948549,
      0.8421742734948549,
      0.8421742734948549,
      0.8421742734948549,
      0.8421742734948549,
      0.8421742734948549,
      0.8421742734948549,
      0.8421742734948549,
      0.8421742734948549,
      0.8421742734948549,
      0.8421742734948549,
      0.8421742734948549,
      0.8421742734948549,
      0.8421742734948549,
      0.8421742734948549,
      0.8421742734948549,
      0.8421742734948549,
      0.8421742734948549,
      0.8422042543690482,
      0.8422042543690482,
      0.8422042543690482,
      0.8422042543690482,
      0.8422042543690482,
      0.8427627077565838,
      0.8427627077565838,
      0.8427627077565838,
      0.8427627077565838,
      0.8427627077565838,
      0.8427627077565838,
      0.8427627077565838,
      0.8427627077565838,
      0.8427627077565838,
      0.8427627077565838,
      0.8427627077565838,
      0.8427627077565838,
      0.8427627077565838,
      0.8427627077565838,
      0.8427627077565838,
      0.8427627077565838,
      0.8427627077565838,
      0.8427627077565838,
      0.8427627077565838,
      0.8427627077565838,
      0.8427627077565838,
      0.8427627077565838,
      0.8427627077565838
    ]
  }
}