{
  "C1": {
    "auc": 0.8342817990616375,
    "aucpr": 0.639337399506388,
    "f1_05": 0.714324126048246,
    "f1_opt": 0.7347902190990764,
    "f1_min_opt": 0.615073389631213,
    "bal_acc_opt": 0.7396598064418728,
    "thr": 0.675,
    "auc_std": 0.021477878399888503
  },
  "C2": {
    "auc": 0.8403638764144381,
    "aucpr": 0.653935493860837,
    "f1_05": 0.6891225933414298,
    "f1_opt": 0.7336671024859045,
    "f1_min_opt": 0.6145213216523411,
    "bal_acc_opt": 0.7406879391244929,
    "thr": 0.61,
    "auc_std": 0.019104946621579647
  },
  "C3": {
    "auc": 0.8415759965572965,
    "aucpr": 0.6535903159330403,
    "f1_05": 0.7149576306749481,
    "f1_opt": 0.7306452449621037,
    "f1_min_opt": 0.607582019259619,
    "bal_acc_opt": 0.7353009709564274,
    "thr": 0.613,
    "auc_std": 0.018540847749246282
  },
  "C4": {
    "auc": 0.842061816720389,
    "aucpr": 0.6511855364637066,
    "f1_05": 0.7256432142792022,
    "f1_opt": 0.7363142749184822,
    "f1_min_opt": 0.6160379881075004,
    "bal_acc_opt": 0.7401302162081765,
    "thr": 0.582,
    "auc_std": 0.017842440161959888
  }
}